"Label (Grouping)","New York city, New York!!Households!!Estimate","ZCTA5 10001!!Households!!Estimate","ZCTA5 10002!!Households!!Estimate","ZCTA5 10003!!Households!!Estimate","ZCTA5 10004!!Households!!Estimate","ZCTA5 10005!!Households!!Estimate","ZCTA5 10006!!Households!!Estimate","ZCTA5 10007!!Households!!Estimate","ZCTA5 10009!!Households!!Estimate","ZCTA5 10010!!Households!!Estimate","ZCTA5 10011!!Households!!Estimate","ZCTA5 10012!!Households!!Estimate","ZCTA5 10012!!Nonfamily households!!Estimate","ZCTA5 10013!!Households!!Estimate","ZCTA5 10014!!Households!!Estimate","ZCTA5 10016!!Households!!Estimate","ZCTA5 10017!!Households!!Estimate","ZCTA5 10018!!Households!!Estimate","ZCTA5 10019!!Households!!Estimate","ZCTA5 10020!!Households!!Estimate","ZCTA5 10021!!Households!!Estimate","ZCTA5 10022!!Households!!Estimate","ZCTA5 10023!!Households!!Estimate","ZCTA5 10024!!Households!!Estimate","ZCTA5 10025!!Households!!Estimate","ZCTA5 10026!!Households!!Estimate","ZCTA5 10027!!Households!!Estimate","ZCTA5 10028!!Households!!Estimate","ZCTA5 10029!!Households!!Estimate","ZCTA5 10030!!Households!!Estimate","ZCTA5 10031!!Households!!Estimate","ZCTA5 10032!!Households!!Estimate","ZCTA5 10033!!Households!!Estimate","ZCTA5 10034!!Households!!Estimate","ZCTA5 10035!!Households!!Estimate","ZCTA5 10036!!Households!!Estimate","ZCTA5 10037!!Households!!Estimate","ZCTA5 10038!!Households!!Estimate","ZCTA5 10039!!Households!!Estimate","ZCTA5 10040!!Households!!Estimate","ZCTA5 10044!!Households!!Estimate","ZCTA5 10065!!Households!!Estimate","ZCTA5 10069!!Households!!Estimate","ZCTA5 10075!!Households!!Estimate","ZCTA5 10103!!Households!!Estimate","ZCTA5 10110!!Households!!Estimate","ZCTA5 10111!!Households!!Estimate","ZCTA5 10112!!Households!!Estimate","ZCTA5 10115!!Households!!Estimate","ZCTA5 10119!!Households!!Estimate","ZCTA5 10128!!Households!!Estimate","ZCTA5 10152!!Households!!Estimate","ZCTA5 10153!!Households!!Estimate","ZCTA5 10154!!Households!!Estimate","ZCTA5 10162!!Households!!Estimate","ZCTA5 10165!!Households!!Estimate","ZCTA5 10167!!Households!!Estimate","ZCTA5 10168!!Households!!Estimate","ZCTA5 10169!!Households!!Estimate","ZCTA5 10170!!Households!!Estimate","ZCTA5 10171!!Households!!Estimate","ZCTA5 10172!!Households!!Estimate","ZCTA5 10173!!Households!!Estimate","ZCTA5 10174!!Households!!Estimate","ZCTA5 10177!!Households!!Estimate","ZCTA5 10199!!Households!!Estimate","ZCTA5 10271!!Households!!Estimate","ZCTA5 10278!!Households!!Estimate","ZCTA5 10279!!Households!!Estimate","ZCTA5 10280!!Households!!Estimate","ZCTA5 10282!!Households!!Estimate","ZCTA5 10301!!Households!!Estimate","ZCTA5 10302!!Households!!Estimate","ZCTA5 10303!!Households!!Estimate","ZCTA5 10304!!Households!!Estimate","ZCTA5 10305!!Households!!Estimate","ZCTA5 10306!!Households!!Estimate","ZCTA5 10307!!Households!!Estimate","ZCTA5 10308!!Households!!Estimate","ZCTA5 10309!!Households!!Estimate","ZCTA5 10310!!Households!!Estimate","ZCTA5 10311!!Households!!Estimate","ZCTA5 10312!!Households!!Estimate","ZCTA5 10314!!Households!!Estimate","ZCTA5 10451!!Households!!Estimate","ZCTA5 10452!!Households!!Estimate","ZCTA5 10453!!Households!!Estimate","ZCTA5 10454!!Households!!Estimate","ZCTA5 10455!!Households!!Estimate","ZCTA5 10456!!Households!!Estimate","ZCTA5 10457!!Households!!Estimate","ZCTA5 10458!!Households!!Estimate","ZCTA5 10459!!Households!!Estimate","ZCTA5 10460!!Households!!Estimate","ZCTA5 10461!!Households!!Estimate","ZCTA5 10462!!Households!!Estimate","ZCTA5 10463!!Households!!Estimate","ZCTA5 10464!!Households!!Estimate","ZCTA5 10465!!Households!!Estimate","ZCTA5 10466!!Households!!Estimate","ZCTA5 10467!!Households!!Estimate","ZCTA5 10468!!Households!!Estimate","ZCTA5 10469!!Households!!Estimate","ZCTA5 10470!!Households!!Estimate","ZCTA5 10471!!Households!!Estimate","ZCTA5 10472!!Households!!Estimate","ZCTA5 10473!!Households!!Estimate","ZCTA5 10474!!Households!!Estimate","ZCTA5 10475!!Households!!Estimate","ZCTA5 10550!!Households!!Estimate","ZCTA5 10803!!Households!!Estimate","ZCTA5 11001!!Households!!Estimate","ZCTA5 11004!!Households!!Estimate","ZCTA5 11005!!Households!!Estimate","ZCTA5 11040!!Households!!Estimate","ZCTA5 11101!!Households!!Estimate","ZCTA5 11102!!Households!!Estimate","ZCTA5 11103!!Households!!Estimate","ZCTA5 11104!!Households!!Estimate","ZCTA5 11105!!Households!!Estimate","ZCTA5 11106!!Households!!Estimate","ZCTA5 11109!!Households!!Estimate","ZCTA5 11201!!Households!!Estimate","ZCTA5 11203!!Households!!Estimate","ZCTA5 11204!!Households!!Estimate","ZCTA5 11205!!Households!!Estimate","ZCTA5 11206!!Households!!Estimate","ZCTA5 11207!!Households!!Estimate","ZCTA5 11208!!Households!!Estimate","ZCTA5 11209!!Households!!Estimate","ZCTA5 11210!!Households!!Estimate","ZCTA5 11211!!Households!!Estimate","ZCTA5 11212!!Households!!Estimate","ZCTA5 11213!!Households!!Estimate","ZCTA5 11214!!Households!!Estimate","ZCTA5 11215!!Households!!Estimate","ZCTA5 11216!!Households!!Estimate","ZCTA5 11217!!Households!!Estimate","ZCTA5 11218!!Households!!Estimate","ZCTA5 11219!!Households!!Estimate","ZCTA5 11220!!Households!!Estimate","ZCTA5 11221!!Households!!Estimate","ZCTA5 11222!!Households!!Estimate","ZCTA5 11223!!Households!!Estimate","ZCTA5 11224!!Households!!Estimate","ZCTA5 11225!!Households!!Estimate","ZCTA5 11226!!Households!!Estimate","ZCTA5 11228!!Households!!Estimate","ZCTA5 11229!!Households!!Estimate","ZCTA5 11230!!Households!!Estimate","ZCTA5 11231!!Households!!Estimate","ZCTA5 11232!!Households!!Estimate","ZCTA5 11233!!Households!!Estimate","ZCTA5 11234!!Households!!Estimate","ZCTA5 11235!!Households!!Estimate","ZCTA5 11236!!Households!!Estimate","ZCTA5 11237!!Households!!Estimate","ZCTA5 11238!!Households!!Estimate","ZCTA5 11239!!Households!!Estimate","ZCTA5 11249!!Households!!Estimate","ZCTA5 11354!!Households!!Estimate","ZCTA5 11355!!Households!!Estimate","ZCTA5 11356!!Households!!Estimate","ZCTA5 11357!!Households!!Estimate","ZCTA5 11358!!Households!!Estimate","ZCTA5 11359!!Households!!Estimate","ZCTA5 11360!!Households!!Estimate","ZCTA5 11361!!Households!!Estimate","ZCTA5 11362!!Households!!Estimate","ZCTA5 11363!!Households!!Estimate","ZCTA5 11364!!Households!!Estimate","ZCTA5 11365!!Households!!Estimate","ZCTA5 11366!!Households!!Estimate","ZCTA5 11367!!Households!!Estimate","ZCTA5 11368!!Households!!Estimate","ZCTA5 11369!!Households!!Estimate","ZCTA5 11370!!Households!!Estimate","ZCTA5 11371!!Households!!Estimate","ZCTA5 11372!!Households!!Estimate","ZCTA5 11373!!Households!!Estimate","ZCTA5 11374!!Households!!Estimate","ZCTA5 11375!!Households!!Estimate","ZCTA5 11377!!Households!!Estimate","ZCTA5 11378!!Households!!Estimate","ZCTA5 11379!!Households!!Estimate","ZCTA5 11385!!Households!!Estimate","ZCTA5 11411!!Households!!Estimate","ZCTA5 11412!!Households!!Estimate","ZCTA5 11413!!Households!!Estimate","ZCTA5 11414!!Households!!Estimate","ZCTA5 11415!!Households!!Estimate","ZCTA5 11416!!Households!!Estimate","ZCTA5 11417!!Households!!Estimate","ZCTA5 11418!!Households!!Estimate","ZCTA5 11419!!Households!!Estimate","ZCTA5 11420!!Households!!Estimate","ZCTA5 11421!!Households!!Estimate","ZCTA5 11422!!Households!!Estimate","ZCTA5 11423!!Households!!Estimate","ZCTA5 11424!!Households!!Estimate","ZCTA5 11426!!Households!!Estimate","ZCTA5 11427!!Households!!Estimate","ZCTA5 11428!!Households!!Estimate","ZCTA5 11429!!Households!!Estimate","ZCTA5 11430!!Households!!Estimate","ZCTA5 11432!!Households!!Estimate","ZCTA5 11433!!Households!!Estimate","ZCTA5 11434!!Households!!Estimate","ZCTA5 11435!!Households!!Estimate","ZCTA5 11436!!Households!!Estimate","ZCTA5 11439!!Households!!Estimate","ZCTA5 11451!!Households!!Estimate","ZCTA5 11691!!Households!!Estimate","ZCTA5 11692!!Households!!Estimate","ZCTA5 11693!!Households!!Estimate","ZCTA5 11694!!Households!!Estimate","ZCTA5 11697!!Households!!Estimate"
"Total","3,250,657","14,273","34,737","25,181","2,113","4,782","1,991","3,246","29,407","16,207","29,222","11,964","8,179","12,334","17,685","30,115","9,471","4,535","26,403","0","21,312","18,294","35,480","29,475","41,418","15,034","23,638","24,790","33,024","13,111","21,473","21,959","20,079","15,763","14,350","18,598","9,922","10,494","11,550","16,502","4,914","16,112","2,651","12,227","0","0","0","0","0","0","29,351","0","0","0","1,208","0","0","0","0","0","0","0","0","0","0","0","0","0","56","4,208","2,581","14,308","5,597","8,387","15,160","15,969","19,820","5,146","10,488","12,114","9,070","0","21,708","31,761","20,434","27,940","27,864","14,259","15,673","31,718","25,682","29,090","17,453","21,480","19,084","29,843","30,201","1,958","16,211","25,014","38,175","27,795","23,517","6,412","9,015","21,876","22,362","3,649","18,608","15,504","4,235","8,688","5,302","1,452","13,387","15,764","12,265","15,515","11,864","15,352","18,225","3,109","31,084","29,002","25,207","16,926","31,256","33,996","33,551","30,150","21,720","26,082","31,594","26,098","31,716","29,395","26,106","18,052","26,140","24,000","27,487","33,851","18,636","27,484","19,218","24,609","37,128","15,485","31,057","31,670","16,738","9,207","32,147","32,645","34,712","33,728","17,515","26,009","7,845","15,811","20,400","29,217","8,104","15,456","13,190","0","8,822","10,842","7,279","2,908","13,797","16,167","4,619","14,568","29,550","9,551","7,823","0","25,164","31,438","19,938","33,099","32,419","12,885","13,887","37,050","6,509","11,500","12,983","11,516","8,546","7,372","9,347","11,609","12,856","13,555","11,676","10,191","10,007","0","6,256","7,970","6,298","7,974","0","19,783","10,822","22,264","19,075","5,852","0","0","21,572","8,035","5,257","8,392","1,403"
"    Less than $10,000","7.8%","7.2%","13.0%","6.8%","2.2%","0.9%","2.0%","2.9%","12.4%","4.4%","5.2%","8.7%","12.2%","3.8%","5.2%","5.4%","4.7%","5.8%","7.3%","-","4.2%","3.8%","4.3%","4.9%","8.9%","8.6%","12.6%","3.2%","18.9%","12.7%","9.1%","8.6%","8.0%","7.3%","22.2%","7.4%","14.3%","10.3%","10.4%","9.1%","3.0%","3.1%","16.4%","5.4%","-","-","-","-","-","-","5.3%","-","-","-","0.0%","-","-","-","-","-","-","-","-","-","-","-","-","-","0.0%","0.9%","1.7%","8.8%","10.3%","11.0%","11.4%","4.9%","3.2%","2.9%","3.5%","5.1%","8.3%","-","3.1%","3.8%","17.0%","14.3%","16.7%","21.8%","15.3%","17.2%","15.2%","12.2%","12.6%","14.8%","6.3%","7.9%","6.6%","2.5%","8.5%","9.3%","10.9%","15.1%","8.6%","5.1%","5.2%","16.3%","10.7%","14.6%","4.6%","12.3%","3.0%","1.5%","2.4%","4.8%","2.3%","6.1%","5.0%","4.8%","4.4%","3.7%","5.0%","0.0%","5.9%","7.3%","5.3%","8.4%","12.3%","15.2%","14.2%","5.5%","5.7%","6.5%","21.6%","9.4%","5.7%","3.3%","7.0%","7.1%","3.3%","6.2%","6.1%","8.8%","4.0%","7.7%","10.5%","6.1%","6.2%","3.9%","5.4%","7.5%","8.5%","3.9%","14.0%","3.9%","6.6%","7.2%","6.7%","6.2%","12.3%","4.7%","9.2%","10.8%","1.7%","4.3%","4.8%","-","3.4%","3.6%","2.0%","3.1%","4.9%","6.8%","4.5%","5.4%","4.0%","6.3%","4.8%","-","3.8%","3.6%","5.8%","4.7%","4.1%","3.6%","3.6%","4.6%","3.6%","3.8%","3.0%","5.9%","3.9%","3.9%","5.5%","3.5%","3.1%","4.1%","4.4%","2.0%","7.6%","-","2.4%","3.7%","2.1%","3.3%","-","4.6%","6.6%","7.9%","4.3%","5.7%","-","-","11.9%","9.8%","7.8%","6.3%","2.1%"
"    $10,000 to $14,999","5.4%","3.4%","11.8%","2.2%","0.0%","0.0%","0.4%","1.6%","7.5%","4.2%","3.7%","1.5%","1.3%","5.2%","1.8%","2.3%","1.3%","3.6%","4.5%","-","1.1%","1.1%","4.5%","2.8%","3.3%","6.2%","7.0%","1.6%","10.1%","10.5%","7.7%","8.3%","5.2%","7.6%","11.9%","3.2%","9.9%","5.4%","6.9%","7.0%","2.4%","3.0%","0.4%","5.4%","-","-","-","-","-","-","2.7%","-","-","-","0.0%","-","-","-","-","-","-","-","-","-","-","-","-","-","0.0%","1.1%","1.0%","3.8%","3.1%","5.4%","4.7%","3.3%","3.5%","2.4%","2.7%","6.2%","3.0%","-","2.1%","2.8%","11.2%","10.7%","10.5%","17.3%","14.1%","13.4%","11.2%","12.4%","9.9%","12.3%","5.4%","5.1%","7.5%","1.0%","6.0%","6.1%","9.4%","6.7%","3.9%","3.2%","1.8%","8.8%","8.7%","13.9%","5.2%","6.4%","0.0%","1.6%","1.2%","13.1%","1.0%","5.6%","5.7%","2.5%","2.2%","2.4%","4.5%","0.0%","1.9%","5.3%","5.4%","5.7%","7.3%","6.6%","4.7%","3.7%","2.9%","6.1%","10.8%","8.3%","7.1%","1.0%","4.5%","3.2%","4.0%","7.8%","5.9%","6.8%","3.5%","8.4%","16.5%","5.1%","5.9%","2.9%","7.0%","7.9%","5.3%","4.2%","6.5%","3.4%","8.2%","3.4%","4.0%","3.3%","12.4%","5.9%","4.9%","5.3%","1.8%","2.9%","2.4%","-","3.3%","1.8%","0.5%","0.3%","2.0%","1.8%","2.1%","5.0%","5.5%","3.2%","3.3%","-","5.4%","3.5%","3.4%","1.9%","3.9%","2.3%","2.7%","2.5%","2.5%","3.4%","1.5%","5.5%","4.6%","3.2%","2.6%","2.3%","1.7%","2.1%","2.6%","2.7%","1.5%","-","1.4%","2.6%","4.6%","7.3%","-","3.2%","6.1%","3.7%","5.1%","1.5%","-","-","7.5%","5.5%","3.3%","4.1%","0.6%"
"    $15,000 to $24,999","8.0%","5.4%","12.9%","3.3%","0.9%","0.1%","0.7%","0.0%","6.5%","3.7%","4.7%","4.6%","4.7%","3.7%","3.3%","4.7%","1.9%","5.7%","9.8%","-","3.7%","5.1%","4.1%","3.1%","6.8%","5.9%","8.8%","3.6%","13.0%","12.9%","10.5%","8.7%","7.4%","8.8%","11.2%","7.5%","9.7%","5.9%","11.5%","9.7%","3.1%","3.2%","3.1%","4.5%","-","-","-","-","-","-","4.2%","-","-","-","13.5%","-","-","-","-","-","-","-","-","-","-","-","-","-","0.0%","0.0%","1.9%","5.4%","7.8%","5.2%","6.4%","6.6%","6.8%","2.8%","3.4%","4.2%","5.1%","-","4.2%","5.1%","12.9%","13.4%","13.9%","14.5%","13.5%","12.7%","12.9%","10.7%","15.0%","16.0%","8.9%","9.4%","9.6%","3.5%","8.3%","9.6%","11.8%","13.6%","8.9%","5.5%","4.5%","13.8%","11.3%","16.3%","11.4%","8.8%","2.4%","3.3%","5.9%","3.4%","3.3%","7.3%","5.4%","5.9%","6.0%","6.0%","7.6%","0.0%","4.2%","7.4%","9.5%","7.4%","12.3%","11.4%","8.8%","5.9%","4.9%","10.4%","11.8%","11.1%","9.6%","3.6%","6.8%","3.6%","6.2%","14.1%","10.4%","7.9%","4.0%","11.1%","12.8%","8.8%","6.8%","9.1%","9.1%","9.5%","4.3%","7.2%","8.0%","7.6%","10.0%","6.5%","10.4%","4.9%","17.3%","8.8%","11.2%","13.2%","6.5%","4.9%","6.6%","-","4.2%","5.1%","4.6%","4.7%","5.3%","7.7%","2.6%","9.9%","8.5%","5.4%","7.8%","-","8.8%","8.8%","9.4%","6.5%","7.8%","7.7%","6.7%","6.0%","2.4%","6.0%","3.6%","4.2%","6.8%","7.1%","7.0%","4.8%","7.6%","4.4%","3.9%","4.8%","6.2%","-","3.1%","4.9%","5.1%","3.0%","-","7.0%","7.8%","5.8%","6.8%","6.2%","-","-","7.3%","9.1%","8.9%","7.2%","6.9%"
"    $25,000 to $34,999","7.3%","3.3%","10.0%","4.3%","1.6%","1.4%","2.6%","2.2%","5.0%","5.6%","3.9%","3.5%","3.5%","3.7%","2.8%","3.9%","8.9%","2.9%","4.6%","-","2.9%","5.3%","3.7%","3.2%","5.6%","10.0%","5.3%","3.2%","8.8%","8.8%","8.4%","8.9%","7.2%","6.2%","6.2%","7.0%","7.3%","6.3%","8.6%","8.0%","4.7%","2.7%","1.7%","6.0%","-","-","-","-","-","-","5.3%","-","-","-","5.4%","-","-","-","-","-","-","-","-","-","-","-","-","-","0.0%","0.5%","0.0%","7.5%","4.6%","5.9%","6.4%","6.6%","7.6%","5.9%","4.0%","3.3%","4.2%","-","5.7%","6.6%","9.7%","12.8%","9.0%","9.3%","13.8%","11.7%","9.1%","10.1%","10.8%","10.0%","8.7%","8.3%","7.3%","11.0%","5.8%","8.0%","10.2%","9.4%","7.5%","9.3%","5.4%","9.5%","8.2%","6.8%","10.3%","9.7%","2.7%","2.8%","4.5%","5.0%","3.3%","6.1%","5.6%","6.5%","7.7%","6.8%","7.5%","10.5%","4.1%","9.3%","10.1%","7.2%","8.9%","9.4%","11.2%","7.2%","6.1%","4.5%","9.8%","9.4%","7.3%","2.0%","5.2%","4.8%","7.3%","12.4%","9.7%","7.1%","5.2%","7.7%","8.0%","7.7%","7.9%","9.6%","7.5%","8.5%","3.7%","10.0%","8.0%","7.4%","8.5%","8.7%","6.9%","4.2%","9.8%","6.1%","13.8%","9.3%","11.2%","7.1%","6.9%","-","7.7%","5.9%","5.3%","8.3%","7.4%","7.9%","6.7%","10.1%","8.9%","7.6%","9.0%","-","8.4%","9.8%","6.4%","5.8%","10.2%","6.3%","6.2%","6.8%","6.1%","5.0%","4.3%","5.0%","4.4%","8.5%","6.2%","10.7%","7.6%","5.6%","5.8%","3.9%","6.7%","-","4.4%","5.4%","6.9%","7.5%","-","9.7%","6.4%","8.2%","6.8%","6.6%","-","-","8.8%","10.3%","12.2%","5.4%","3.9%"
"    $35,000 to $49,999","9.6%","7.4%","9.1%","4.2%","0.4%","2.1%","7.4%","1.4%","7.3%","7.3%","5.9%","4.6%","4.9%","4.4%","5.4%","3.6%","2.7%","8.0%","8.1%","-","4.0%","3.4%","4.9%","4.6%","6.0%","10.1%","11.2%","4.0%","9.9%","9.7%","10.0%","12.2%","8.1%","10.0%","9.4%","8.3%","9.4%","6.1%","12.4%","11.9%","7.3%","5.2%","6.0%","2.6%","-","-","-","-","-","-","3.4%","-","-","-","0.0%","-","-","-","-","-","-","-","-","-","-","-","-","-","0.0%","2.7%","0.5%","8.9%","8.8%","6.1%","11.0%","8.9%","7.4%","6.6%","5.8%","6.7%","9.4%","-","8.4%","9.7%","12.9%","16.8%","14.1%","12.4%","13.8%","15.2%","12.8%","13.7%","13.0%","12.3%","12.2%","10.0%","10.4%","6.0%","7.3%","9.1%","13.6%","14.0%","9.4%","8.2%","8.8%","13.0%","12.7%","17.4%","15.0%","13.7%","4.9%","5.9%","10.2%","4.2%","4.6%","7.0%","7.4%","8.4%","11.1%","7.2%","9.2%","1.8%","4.7%","12.6%","12.9%","8.9%","10.0%","10.9%","11.3%","9.0%","10.7%","6.4%","11.5%","12.3%","13.2%","4.6%","9.2%","5.9%","11.0%","13.0%","12.1%","9.1%","6.0%","10.0%","13.0%","9.8%","10.9%","9.9%","10.1%","10.7%","6.6%","11.5%","11.6%","7.0%","10.1%","10.4%","10.7%","6.3%","14.6%","7.6%","9.2%","14.5%","10.0%","9.8%","13.0%","-","5.8%","7.7%","10.5%","7.3%","6.6%","10.9%","9.2%","7.8%","12.1%","13.0%","7.8%","-","13.3%","14.3%","9.0%","6.7%","10.8%","11.0%","8.4%","10.7%","7.2%","9.1%","7.8%","10.3%","8.0%","10.2%","12.6%","11.7%","9.3%","9.4%","11.3%","11.2%","12.9%","-","6.2%","9.1%","10.9%","6.3%","-","12.3%","11.5%","12.3%","10.2%","10.0%","-","-","10.1%","11.8%","11.6%","7.2%","3.3%"
"    $50,000 to $74,999","14.0%","11.5%","11.2%","11.9%","2.0%","9.2%","3.6%","1.9%","10.1%","5.3%","7.8%","13.2%","14.9%","10.3%","7.6%","6.9%","10.1%","4.9%","6.4%","-","13.8%","8.7%","9.1%","8.0%","9.0%","13.0%","13.7%","8.8%","13.6%","14.2%","13.8%","18.1%","16.3%","17.3%","9.6%","9.7%","16.1%","6.3%","19.5%","16.9%","10.8%","6.7%","4.5%","11.0%","-","-","-","-","-","-","9.9%","-","-","-","0.0%","-","-","-","-","-","-","-","-","-","-","-","-","-","0.0%","4.9%","0.0%","13.9%","16.7%","18.7%","15.7%","18.8%","14.3%","15.9%","10.9%","13.3%","12.8%","-","12.7%","12.9%","14.3%","14.7%","14.7%","10.2%","10.1%","13.7%","16.9%","18.7%","16.0%","12.3%","17.0%","21.9%","15.7%","12.0%","11.5%","16.4%","17.4%","16.7%","14.2%","22.9%","12.8%","14.4%","13.7%","12.3%","19.2%","12.8%","7.4%","12.7%","12.3%","26.0%","9.5%","9.5%","12.1%","17.4%","13.7%","15.1%","17.2%","6.3%","7.3%","16.9%","15.6%","15.7%","12.4%","16.7%","15.3%","13.8%","18.6%","10.4%","15.0%","12.0%","15.9%","8.8%","12.8%","8.7%","15.1%","17.2%","17.3%","14.0%","11.6%","13.6%","13.2%","14.8%","16.9%","13.8%","13.9%","14.0%","7.9%","12.5%","14.0%","13.2%","15.1%","14.7%","14.8%","9.8%","13.3%","8.0%","13.7%","14.1%","19.6%","15.8%","16.4%","-","16.8%","15.6%","15.9%","18.7%","15.4%","16.2%","13.0%","13.3%","20.2%","20.3%","20.5%","-","18.1%","21.7%","13.1%","13.4%","19.8%","14.6%","16.5%","18.0%","11.8%","11.5%","13.2%","15.1%","18.9%","15.6%","14.6%","15.6%","15.7%","16.4%","20.5%","14.5%","18.2%","-","13.2%","17.2%","16.0%","10.7%","-","19.2%","16.3%","18.2%","19.9%","18.2%","-","-","15.6%","15.9%","12.2%","14.1%","13.3%"
"    $75,000 to $99,999","11.0%","11.2%","9.2%","6.9%","6.1%","6.1%","2.0%","4.4%","10.1%","8.6%","7.9%","6.5%","8.2%","7.5%","10.1%","10.2%","8.4%","10.2%","8.2%","-","10.0%","6.1%","9.0%","7.2%","9.3%","10.9%","9.8%","9.1%","8.1%","9.9%","10.8%","11.0%","13.6%","14.7%","9.0%","7.6%","9.7%","9.7%","12.3%","11.4%","13.3%","7.8%","2.5%","8.8%","-","-","-","-","-","-","10.4%","-","-","-","39.2%","-","-","-","-","-","-","-","-","-","-","-","-","-","0.0%","12.4%","1.8%","11.7%","10.4%","9.7%","8.6%","11.6%","12.5%","7.7%","13.7%","8.6%","9.2%","-","13.3%","11.9%","7.8%","8.5%","8.7%","5.1%","10.4%","7.3%","9.0%","10.6%","9.5%","9.3%","12.9%","12.5%","10.4%","5.2%","10.8%","11.7%","10.7%","11.0%","13.9%","12.1%","12.3%","8.0%","11.7%","3.6%","12.2%","12.9%","6.5%","9.2%","13.3%","7.9%","8.0%","9.1%","11.3%","14.8%","16.2%","12.4%","10.8%","7.7%","7.5%","11.9%","12.9%","8.5%","11.1%","9.7%","12.3%","12.5%","12.7%","8.9%","7.1%","11.7%","11.0%","8.9%","12.9%","7.8%","11.8%","9.2%","12.8%","12.5%","11.2%","10.6%","5.8%","13.2%","13.2%","9.8%","11.5%","12.6%","8.1%","12.2%","11.4%","13.8%","10.6%","12.8%","14.7%","9.3%","7.2%","6.5%","13.0%","12.1%","12.0%","11.5%","12.7%","-","10.8%","13.4%","10.9%","8.8%","13.0%","15.0%","11.6%","14.2%","14.6%","11.6%","13.8%","-","13.3%","15.4%","12.6%","12.3%","15.0%","13.1%","10.1%","15.1%","11.0%","15.1%","14.8%","11.0%","13.9%","14.7%","13.7%","15.0%","13.4%","13.9%","12.7%","14.9%","11.7%","-","17.2%","15.7%","14.5%","15.9%","-","11.9%","12.2%","13.3%","11.9%","13.9%","-","-","9.3%","10.4%","10.6%","10.9%","13.5%"
"    $100,000 to $149,999","15.0%","14.9%","9.2%","13.3%","13.5%","15.2%","13.6%","7.0%","13.7%","15.6%","14.0%","18.5%","19.1%","14.1%","16.9%","16.3%","17.4%","14.1%","13.5%","-","14.7%","15.4%","14.9%","15.7%","14.2%","11.8%","12.2%","16.5%","6.8%","10.0%","13.2%","14.2%","17.6%","14.5%","8.8%","17.3%","11.7%","15.8%","9.3%","15.0%","16.5%","16.7%","11.7%","10.3%","-","-","-","-","-","-","14.9%","-","-","-","14.8%","-","-","-","-","-","-","-","-","-","-","-","-","-","0.0%","17.4%","11.6%","15.6%","19.0%","17.9%","17.6%","19.5%","19.7%","21.0%","22.4%","17.6%","20.4%","-","19.4%","19.0%","7.6%","6.0%","8.5%","6.3%","6.5%","5.8%","8.2%","7.4%","7.7%","8.5%","15.6%","15.3%","14.2%","19.8%","17.4%","16.8%","9.9%","9.7%","16.5%","15.2%","21.2%","9.3%","14.3%","6.1%","15.4%","14.0%","13.9%","20.3%","20.6%","13.0%","22.2%","18.6%","21.9%","19.9%","20.5%","23.3%","17.7%","20.5%","14.8%","15.9%","16.5%","13.3%","11.2%","10.7%","12.1%","19.0%","18.4%","13.6%","8.3%","13.0%","15.6%","16.0%","15.6%","14.6%","16.5%","11.0%","13.4%","17.6%","20.0%","14.9%","8.9%","16.5%","16.8%","16.0%","16.6%","13.7%","13.2%","17.2%","13.4%","18.4%","13.9%","19.1%","15.9%","18.3%","9.1%","16.8%","13.9%","11.0%","21.8%","18.8%","18.3%","-","19.9%","23.4%","19.8%","14.1%","22.1%","16.3%","20.0%","14.3%","15.1%","19.0%","17.1%","-","14.2%","12.4%","19.0%","20.1%","13.1%","19.7%","19.5%","19.0%","26.7%","21.2%","27.6%","16.2%","17.0%","18.9%","17.7%","17.5%","21.9%","20.2%","18.3%","20.1%","14.8%","-","20.6%","19.5%","18.0%","21.6%","-","15.7%","15.8%","15.7%","16.8%","19.4%","-","-","15.2%","14.1%","17.0%","18.7%","15.5%"
"    $150,000 to $199,999","8.4%","10.5%","4.4%","11.8%","14.8%","16.4%","17.3%","17.1%","7.9%","12.3%","12.1%","9.7%","7.8%","10.4%","10.4%","13.2%","13.8%","11.5%","9.0%","-","11.3%","9.7%","10.0%","10.9%","8.1%","9.4%","6.1%","11.9%","4.4%","3.9%","8.0%","5.3%","7.5%","8.1%","5.5%","11.5%","6.3%","6.6%","4.8%","4.9%","10.5%","12.2%","6.9%","13.3%","-","-","-","-","-","-","10.9%","-","-","-","8.9%","-","-","-","-","-","-","-","-","-","-","-","-","-","0.0%","15.2%","11.7%","10.3%","10.0%","13.0%","7.2%","9.2%","11.2%","12.2%","15.5%","15.0%","16.2%","-","14.8%","12.2%","3.0%","1.7%","3.0%","1.0%","1.3%","1.9%","3.2%","3.1%","2.7%","2.4%","6.3%","5.9%","8.8%","19.4%","14.0%","5.7%","3.8%","1.6%","9.3%","8.1%","12.7%","3.4%","4.9%","7.2%","4.3%","4.8%","13.9%","15.4%","16.8%","5.8%","16.1%","10.2%","12.8%","9.6%","8.4%","11.8%","10.5%","13.7%","13.7%","7.9%","6.1%","8.8%","6.8%","5.2%","5.1%","8.1%","9.4%","11.2%","2.2%","6.6%","7.2%","14.7%","10.6%","10.2%","9.9%","4.7%","5.9%","7.9%","13.5%","6.6%","4.4%","8.6%","7.9%","11.2%","8.5%","6.1%","13.0%","8.4%","6.3%","11.1%","7.3%","9.0%","8.9%","12.3%","2.3%","10.9%","6.2%","4.1%","8.5%","11.4%","8.5%","-","14.4%","9.4%","15.6%","15.1%","10.7%","9.5%","17.7%","10.6%","6.3%","7.5%","7.6%","-","7.4%","5.2%","10.4%","10.9%","8.2%","12.0%","12.9%","9.5%","12.6%","12.3%","14.2%","11.5%","10.4%","9.8%","10.0%","8.2%","9.6%","12.7%","10.4%","15.0%","11.0%","-","16.8%","11.1%","11.5%","11.3%","-","8.0%","9.9%","6.6%","9.3%","9.3%","-","-","6.5%","7.2%","8.1%","12.2%","13.0%"
"    $200,000 or more","13.5%","25.2%","9.1%","35.4%","58.5%","48.5%","50.5%","61.4%","19.6%","32.9%","34.9%","29.3%","23.5%","36.9%","36.4%","33.4%","31.0%","33.2%","28.6%","-","34.4%","41.5%","35.5%","39.6%","28.7%","14.2%","13.2%","38.1%","6.5%","7.5%","8.6%","4.7%","9.1%","5.6%","6.1%","20.5%","5.7%","27.6%","4.2%","6.1%","28.3%","39.4%","46.7%","32.6%","-","-","-","-","-","-","33.0%","-","-","-","18.2%","-","-","-","-","-","-","-","-","-","-","-","-","-","100.0%","45.0%","69.9%","14.2%","9.4%","7.1%","10.9%","10.7%","13.7%","22.7%","18.2%","20.2%","11.4%","-","16.3%","16.1%","3.6%","1.0%","0.9%","2.0%","1.2%","1.0%","1.5%","1.0%","2.8%","2.0%","6.6%","3.8%","9.5%","19.7%","10.4%","7.4%","2.3%","2.1%","7.7%","10.5%","15.3%","3.4%","3.8%","1.9%","2.5%","4.6%","45.3%","27.2%","12.8%","16.7%","29.6%","20.4%","12.8%","10.2%","9.7%","11.4%","10.0%","39.5%","35.9%","5.7%","5.8%","16.2%","7.8%","4.3%","4.9%","15.2%","10.5%","22.0%","1.9%","6.1%","7.2%","37.1%","15.3%","33.9%","14.7%","4.4%","6.3%","8.3%","20.9%","9.5%","7.0%","9.4%","7.5%","13.9%","10.4%","9.5%","29.4%","12.9%","6.8%","14.1%","9.6%","8.3%","7.1%","25.5%","1.8%","24.8%","4.9%","5.8%","6.8%","13.4%","10.4%","-","13.7%","14.1%","14.9%","19.6%","12.6%","8.0%","12.4%","9.5%","4.9%","6.0%","8.4%","-","7.2%","5.2%","11.0%","17.7%","7.1%","9.6%","13.5%","7.7%","16.2%","12.6%","10.2%","15.3%","12.1%","8.2%","10.0%","10.6%","10.2%","11.1%","10.4%","10.9%","9.4%","-","14.7%","10.8%","10.5%","13.1%","-","8.3%","7.3%","8.3%","8.9%","9.1%","-","-","7.8%","5.9%","8.4%","14.0%","27.9%"
"Median income (dollars)","70,663","101,409","37,093","137,533","216,017","197,188","200,536","250,000+","77,551","131,635","139,343","117,581","100,700","137,572","136,559","136,431","136,112","130,457","105,538","-","136,060","156,255","136,109","153,177","103,440","65,038","58,435","149,789","33,901","42,834","57,180","55,059","71,630","63,851","32,555","98,177","48,782","99,924","50,164","54,700","115,294","152,335","183,178","131,372","-","-","-","-","-","-","127,919","-","-","-","99,300","-","-","-","-","-","-","-","-","-","-","-","-","-","-","178,148","250,000+","78,053","73,927","69,879","64,539","76,833","88,687","117,469","116,082","107,500","96,161","-","100,875","94,578","33,945","33,877","34,860","21,846","30,741","31,166","38,066","38,768","36,631","31,504","61,087","59,032","63,048","118,972","80,245","62,918","42,639","40,138","70,415","70,107","96,368","36,730","48,212","33,157","56,327","48,472","184,821","132,344","100,174","60,800","140,368","98,920","95,478","82,597","81,142","93,200","71,972","160,898","148,282","61,414","58,850","68,607","49,013","45,616","49,679","84,145","77,378","89,091","30,733","48,896","58,487","156,930","84,661","133,269","81,857","44,450","57,046","66,923","110,385","57,281","37,241","68,542","66,173","77,189","69,076","61,017","121,638","77,031","52,380","86,185","58,669","73,562","65,908","114,427","33,736","105,222","52,273","46,963","73,318","88,580","74,854","-","92,851","93,734","100,528","98,111","90,970","73,279","100,781","71,469","62,254","66,132","67,241","-","62,910","62,072","79,221","96,321","66,325","85,464","88,672","77,350","108,131","93,429","104,236","86,113","80,360","76,477","78,498","77,708","84,245","89,027","76,721","95,945","69,386","-","102,818","84,000","83,417","89,318","-","66,246","68,801","66,546","71,346","78,306","-","-","54,877","53,498","64,688","88,643","113,047"
"Mean income (dollars)","113,315","170,154","76,115","222,765","317,203","225,528","222,594","444,574","122,290","217,670","220,009","194,972","161,959","335,135","227,995","198,234","195,183","188,857","179,458","-","240,154","274,674","230,171","280,261","187,489","112,171","103,558","247,394","70,923","76,965","85,279","74,843","107,765","81,250","66,588","138,231","73,954","148,712","69,073","76,397","163,681","253,089","265,053","266,816","-","-","-","-","-","-","218,422","-","-","-","146,926","-","-","-","-","-","-","-","-","-","-","-","-","-","N","259,093","442,237","111,315","90,391","92,679","100,967","100,743","111,383","136,066","126,978","133,325","108,100","-","123,417","116,963","54,313","44,666","48,372","39,741","44,713","46,133","53,193","52,267","53,656","50,458","80,905","73,154","93,350","129,329","99,423","81,664","58,443","52,985","88,234","95,435","139,523","55,264","69,479","50,210","68,354","67,441","265,346","156,286","121,062","266,978","166,900","130,719","114,216","115,803","96,642","112,815","100,232","197,521","213,208","80,141","79,120","114,380","77,433","63,245","70,501","114,589","105,692","132,181","47,426","77,637","83,512","214,768","116,617","195,414","124,925","67,012","80,054","92,568","136,729","88,967","64,289","97,104","88,051","110,604","95,619","88,045","184,570","102,707","77,871","115,779","87,716","91,504","85,698","150,940","52,314","152,546","74,814","70,789","92,302","114,881","99,732","-","121,746","118,475","117,724","138,250","108,800","90,690","117,601","92,453","79,303","82,892","92,798","-","86,369","78,958","99,455","132,536","90,983","103,504","112,105","94,274","121,415","110,256","117,017","113,435","108,386","97,553","95,069","98,400","101,888","108,168","101,775","111,079","97,308","-","123,526","103,543","100,568","106,897","-","93,363","85,972","87,984","92,957","97,981","-","-","84,202","76,372","85,619","113,368","146,171"
"PERCENT ALLOCATED","","","","","","","","","","","","","","","","","","","","","","","","","","","","","","","","","","","","","","","","","","","","","","","","","","","","","","","","","","","","","","","","","","","","","","","","","","","","","","","","","","","","","","","","","","","","","","","","","","","","","","","","","","","","","","","","","","","","","","","","","","","","","","","","","","","","","","","","","","","","","","","","","","","","","","","","","","","","","","","","","","","","","","","","","","","","","","","","","","","","","","","","","","","","","","","","","","","","","","","","","","","","","","","","","","","","","","","","",""
"    Household income in the past 12 months","45.9%","22.5%","38.3%","31.1%","38.1%","22.8%","19.3%","33.5%","26.6%","34.1%","28.2%","33.1%","(X)","36.0%","29.6%","28.0%","22.9%","25.8%","29.7%","-","42.8%","39.0%","36.9%","37.8%","33.3%","44.6%","42.3%","32.2%","56.1%","42.8%","43.6%","47.3%","45.5%","42.5%","54.4%","22.7%","53.5%","43.1%","42.2%","41.9%","31.7%","41.3%","24.6%","36.3%","-","-","-","-","-","-","31.5%","-","-","-","43.7%","-","-","-","-","-","-","-","-","-","-","-","-","-","0.0%","28.3%","39.2%","52.1%","53.2%","63.8%","56.6%","49.9%","48.3%","47.8%","54.3%","50.2%","47.8%","-","56.3%","51.1%","38.9%","45.0%","41.9%","44.3%","42.4%","41.9%","47.2%","37.2%","45.3%","49.0%","48.0%","46.5%","41.6%","42.3%","43.2%","51.8%","38.9%","43.3%","53.7%","45.9%","31.6%","49.9%","42.8%","49.4%","44.9%","42.9%","34.8%","47.3%","33.4%","49.7%","39.0%","32.5%","32.5%","38.2%","35.0%","37.1%","37.1%","31.1%","30.9%","58.1%","48.4%","44.4%","46.8%","60.7%","75.0%","39.1%","60.8%","40.4%","55.3%","50.9%","52.6%","30.8%","47.6%","32.8%","39.2%","49.5%","50.2%","52.5%","38.4%","54.1%","48.6%","50.2%","54.9%","47.7%","50.5%","45.5%","34.9%","46.6%","61.0%","58.4%","56.4%","67.1%","51.8%","35.9%","43.7%","41.9%","53.5%","59.4%","57.1%","44.8%","48.1%","-","39.9%","39.8%","44.7%","38.5%","46.3%","46.9%","45.9%","46.1%","50.4%","45.9%","51.3%","-","40.4%","33.1%","33.8%","35.7%","41.1%","47.8%","46.2%","65.2%","58.5%","67.3%","68.2%","58.4%","34.6%","73.5%","63.2%","49.8%","61.2%","69.1%","65.9%","58.1%","46.9%","-","44.0%","50.3%","49.7%","58.0%","-","47.0%","65.1%","70.2%","50.5%","62.9%","-","-","60.4%","53.6%","55.1%","54.4%","49.3%"
"    Family income in the past 12 months","(X)","(X)","(X)","(X)","(X)","(X)","(X)","(X)","(X)","(X)","(X)","(X)","(X)","(X)","(X)","(X)","(X)","(X)","(X)","(X)","(X)","(X)","(X)","(X)","(X)","(X)","(X)","(X)","(X)","(X)","(X)","(X)","(X)","(X)","(X)","(X)","(X)","(X)","(X)","(X)","(X)","(X)","(X)","(X)","(X)","(X)","(X)","(X)","(X)","(X)","(X)","(X)","(X)","(X)","(X)","(X)","(X)","(X)","(X)","(X)","(X)","(X)","(X)","(X)","(X)","(X)","(X)","(X)","(X)","(X)","(X)","(X)","(X)","(X)","(X)","(X)","(X)","(X)","(X)","(X)","(X)","(X)","(X)","(X)","(X)","(X)","(X)","(X)","(X)","(X)","(X)","(X)","(X)","(X)","(X)","(X)","(X)","(X)","(X)","(X)","(X)","(X)","(X)","(X)","(X)","(X)","(X)","(X)","(X)","(X)","(X)","(X)","(X)","(X)","(X)","(X)","(X)","(X)","(X)","(X)","(X)","(X)","(X)","(X)","(X)","(X)","(X)","(X)","(X)","(X)","(X)","(X)","(X)","(X)","(X)","(X)","(X)","(X)","(X)","(X)","(X)","(X)","(X)","(X)","(X)","(X)","(X)","(X)","(X)","(X)","(X)","(X)","(X)","(X)","(X)","(X)","(X)","(X)","(X)","(X)","(X)","(X)","(X)","(X)","(X)","(X)","(X)","(X)","(X)","(X)","(X)","(X)","(X)","(X)","(X)","(X)","(X)","(X)","(X)","(X)","(X)","(X)","(X)","(X)","(X)","(X)","(X)","(X)","(X)","(X)","(X)","(X)","(X)","(X)","(X)","(X)","(X)","(X)","(X)","(X)","(X)","(X)","(X)","(X)","(X)","(X)","(X)","(X)","(X)","(X)","(X)","(X)","(X)","(X)","(X)","(X)","(X)"
"    Nonfamily income in the past 12 months","(X)","(X)","(X)","(X)","(X)","(X)","(X)","(X)","(X)","(X)","(X)","(X)","30.9%","(X)","(X)","(X)","(X)","(X)","(X)","(X)","(X)","(X)","(X)","(X)","(X)","(X)","(X)","(X)","(X)","(X)","(X)","(X)","(X)","(X)","(X)","(X)","(X)","(X)","(X)","(X)","(X)","(X)","(X)","(X)","(X)","(X)","(X)","(X)","(X)","(X)","(X)","(X)","(X)","(X)","(X)","(X)","(X)","(X)","(X)","(X)","(X)","(X)","(X)","(X)","(X)","(X)","(X)","(X)","(X)","(X)","(X)","(X)","(X)","(X)","(X)","(X)","(X)","(X)","(X)","(X)","(X)","(X)","(X)","(X)","(X)","(X)","(X)","(X)","(X)","(X)","(X)","(X)","(X)","(X)","(X)","(X)","(X)","(X)","(X)","(X)","(X)","(X)","(X)","(X)","(X)","(X)","(X)","(X)","(X)","(X)","(X)","(X)","(X)","(X)","(X)","(X)","(X)","(X)","(X)","(X)","(X)","(X)","(X)","(X)","(X)","(X)","(X)","(X)","(X)","(X)","(X)","(X)","(X)","(X)","(X)","(X)","(X)","(X)","(X)","(X)","(X)","(X)","(X)","(X)","(X)","(X)","(X)","(X)","(X)","(X)","(X)","(X)","(X)","(X)","(X)","(X)","(X)","(X)","(X)","(X)","(X)","(X)","(X)","(X)","(X)","(X)","(X)","(X)","(X)","(X)","(X)","(X)","(X)","(X)","(X)","(X)","(X)","(X)","(X)","(X)","(X)","(X)","(X)","(X)","(X)","(X)","(X)","(X)","(X)","(X)","(X)","(X)","(X)","(X)","(X)","(X)","(X)","(X)","(X)","(X)","(X)","(X)","(X)","(X)","(X)","(X)","(X)","(X)","(X)","(X)","(X)","(X)","(X)","(X)","(X)","(X)","(X)"